unlocode,name,Country,lat,lon,reisezeit_stunden
GBABD,Aberdeen,United Kingdom,57.125,-2.0937,2.9420805800674406
CIABJ,Abidjan,Ivory Coast,5.32,-4.03,10.779719651053085
AEAUH,Abu Dhabi,U. A. E.,24.4531,54.3593,9.190931969009547
SVAQJ,Acajutla,El Salvador,13.5781,-89.8281,15.913057739669046
AUADL,Adelaide,Australia,-34.9218,138.5937,24.371158590190937
YEADE,Aden,Yemen,12.76667,45.01667,11.827753234378125
MAAGA,Agadir,Morocco,30.5,-9.667,5.153083215686633
SAJBI,Al Jubayl,Saudi Arabia,27.05,49.5667,10.10639108387431
EGALY,Alexandria,Egypt,31.1875,29.8906,8.223953951726322
ESALG,Algeciras,Spain,36.125,-5.45,4.651414024278391
DZALG,Algiers,Algeria,36.7812,3.0468,4.5431143468170605
TRAMB,Ambarli,Turkey,40.983,28.745,5.42711997303653
DZAAE,Annaba,Algeria,36.8906,7.7656,6.626118224939975
BEANR,Antwerp,Belgium,51.216666,4.416666,2.664349125115301
NGAPP,Apapa,Nigeria,6.4218,3.3437,8.535677668063373
JOAQB,Al Aqabah,Jordan,29.55,35.0,9.02850907742788
CLARI,Arica,Chile,-18.49,-70.3,20.71785408197043
ILASH,Ashdod,Israel,31.8125,34.6406,7.01855251988542
NZAKL,Auckland,New Zealand,-36.86667,174.766667,27.132058120981174
ARBHI,Bahia Blanca,Argentina,-38.71667,-62.28333,20.635773906372975
BHBAH,Bahrain,Bahrain,26.0,50.5,8.722407540218123
PABLB,Balboa,Panama,8.9375,-79.5625,14.981137484313862
USBAL,Baltimore,United States,39.28973,-76.6212,9.469229485170043
IRBND,Bandar Abbas,Iran,27.2,56.25,11.3797932371471
GMBJL,Banjul,Gambia,13.451189,-16.584243,9.944390998740948
ESBCN,Barcelona,Spain,41.38334,2.18334,3.5394726980323905
COBAQ,Barranquilla,Colombia,10.98,-74.8,15.288729190910422
GQBSG,Bata,Equatorial Guinea,1.85,9.77,13.044549121813388
LBBEY,Beirut,Lebanon,33.8593,35.5,6.754818679790996
DZBJA,Bejaia,Algeria,36.75,5.08333,6.128436572851517
BZBZE,Belize,Belize,17.51,-88.3,14.463251891459615
LYBEN,Benghazi,Libya,32.1093,20.0625,7.713712840732092
NOBGO,Bergen,Norway,60.3834,5.31667,3.5794579502311463
GWOXB,Bissau,Guinea-Bissau,11.851832,-15.587181,9.834705393971719
CDBOA,Boma,Congo. Dem. Rep. of,-5.84,13.053,13.68047648095359
TRUSK,Bosperus,Turkey,41.012,29.02,5.547660762241371
DEBRV,Bremerhaven,Germany,53.55,8.58,3.353811242669014
FRBES,Brest,France,48.3906,-4.4687,2.642359615975582
AUBNE,Brisbane,Australia,-27.5,153.0156,24.860323560466938
COBUN,Buenaventura,Colombia,3.9,-77.033333,16.661329509818124
ARBUE,Buenos Aires,Argentina,-34.612,-58.466667,15.921897695097199
KRPUS,Busan,Korea. South,35.1,129.04,15.76158298665839
PECLL,Callao,Peru,-12.06667,-77.0,17.016066214816153
ZACPT,Cape Town,South Africa,-33.9166,18.416666,14.247629607464281
COCTG,Cartagena,Colombia,10.38,-75.5,15.284296975235073
ESCAR,Cartagena,Spain,37.5937,-0.9687,4.02820464851601
MACAS,Casablanca,Morocco,33.583333,-7.616666,5.050850607205929
DOCAU,Caucedo,Dominican Republic,18.41667,-69.6333,12.166947149775933
USCHS,Charleston,United States,32.79423,-79.94032,12.329644138532473
INMAA,Chennai,India,13.06,80.18,12.662222422804096
BDCGP,Chittagong,Bangladesh,22.3281,91.8281,14.488514635024217
CNCWN,Chiwan,China,22.493138,113.888909,14.180310852220773
INCOK,Cochin,India,9.987639,76.236338,14.490196030544947
LKCMB,Colombo,Sri Lanka,6.933334,79.85,13.295171461930423
GNCKY,Conakry,Guinea,9.519446,-13.709253,9.751249582517412
ROCND,Constanta,Romania,44.17541,28.63817,6.450866098036477
NICIO,Corinto,Nicaragua,12.0312,-86.3437,15.15063643318467
IEORK,Cork. Co Cork,Ireland,51.9,-8.466666,2.882909241257637
BJCOO,Cotonou,Benin,6.35,2.43,9.286212773606202
VNDAD,Da Nang,Vietnam,16.0,108.25,16.859431961001516
SNDKR,Dakar,Senegal,14.684,-17.446,10.019074159226268
CNDLC,Dalian,China,38.922061,121.646487,14.805686205481528
EGDAM,Damietta,Egypt,31.4062,31.7968,7.997352757169425
SADMM,Dammam,Saudi Arabia,26.4218,50.1093,8.897497097266962
TZDAR,Dar es Salaam,Tanzania,-6.817,39.277,13.604283359477316
DJJIB,Djibouti,Djibouti,11.598434,43.148656,11.665173358495426
CMDLA,Douala,Cameroon,3.75,9.9375,11.18443928555817
IEDUB,Dublin,Ireland,53.333333,-6.25,2.8365867034059766
FRDKK,Dunkerque,France,51.0468,2.3593,2.0589233991095464
ZADUR,Durban,South Africa,-29.8437,31.0156,16.265138949257345
USDUT,Dutch Harbor,United States,53.81,-166.53743,23.228640953926387
ZAELS,East London,South Africa,-32.989,27.898,16.472727198383584
MXESE,Ensenada,Mexico,31.86667,-116.61667,14.005530491498384
ECESM,Esmeraldas,Ecuador,0.9687,-79.6875,18.38483479734997
WP081,Fazendinha,Brazil,-0.9218,-47.7187,17.68771011534394
GBFXT,Felixstowe,United Kingdom,51.9531,1.35,0.7821015702015784
MQFDF,Fort de France,Martinique,14.602804,-61.081786,11.717507456360543
FRFOS,Fos sur Mer,France,43.433333,4.95,3.3939509253412266
BSFPO,Freeport Bahamas,Bahamas,26.5312,-78.6875,12.990169546179448
SLFNA,Freetown,Sierra Leone,8.4687,-13.2187,8.26184348609757
AUFRE,Fremantle,Australia,-32.0468,115.7656,22.211116127635464
NOFUS,Fusa,Norway,60.1875,5.5937,3.825047400434127
CNFOC,Fuzhou,China,26.0781,119.2968,16.73332699241556
PLGDY,Gdynia,Poland,54.5,18.55,3.832204037618705
PHGES,General Santos City,Philippines,6.11667,125.16667,18.909202761094637
ITGOA,Genoa,Italy,44.42,8.95,3.4749939887801364
ITGIT,Gioia Tauro,Italy,38.416666,15.9,5.2078206141128245
SEGOT,Gothenburg,Sweden,57.7031,11.9531,3.470299322281434
GBGRG,Grangemouth,United Kingdom,56.0156,-3.7187,2.757455742595483
GUGUM,Guam,Guam,13.381,144.721,22.03426953766786
ECGYE,Guayaquil,Ecuador,-2.169538,-79.902519,16.91823799043285
ILHFA,Haifa,Israel,32.7968,34.9687,7.475568872052997
VNHPH,Haiphong,Vietnam,20.866667,106.68334,16.703914066883442
JPHKT,Hakata,Japan,33.5937,130.4062,16.00001893732765
INHAL,Haldia Port. India,India,22.02,88.02,14.968174477194076
DEHAM,Hamburg,Germany,53.55,10.0,3.0282813970223907
CUHAV,Havana Cuba,Cuba,23.125,-82.3593,11.596602295268003
TRHAY,Haydarpasa Port. Istanbul,Turkey,41.03693,28.92393,5.42711997303653
VNSGN,Saigon,Vietnam,10.75,106.66667,16.96359443886113
YEHOD,Hodeidah,Yemen,14.8,43.2,11.248332193974923
HKHKG,Hong Kong,Hong Kong,22.320135,114.200376,14.180310852220773
USHNL,Honolulu,United States,21.38451,-157.93542,19.239831990093627
USHOU,Houston,United States,29.7631,-95.3631,12.20601898026614
CNHUA,Huangpu,China,22.6875,113.3125,14.917635175353222
UAILK,Ilyichevsk,Ukraine,46.29897,30.65714,6.132298095877077
KRICH,Inchon,Korea. South,37.475,126.636,13.316810129687179
CLIQQ,Iquique,Chile,-20.2031,-70.1562,20.211940702723858
BRIGI,Itaguai (Sepetiba),Brazil,-22.966,-43.702,13.668703603229208
BRITJ,Itajai,Brazil,-26.52,-48.69,16.458198889472207
TRIZM,Izmir,Turkey,38.4062,27.15,5.490043806829945
TRIZE,Izmit Korfezi,Turkey,40.798,29.665,5.847058644696876
IDJKT,Jakarta,Indonesia,-6.1667,106.8,18.803021348576994
INNSA,Jawaharlal Nehru,India,18.56,73.02,11.68836485169267
AEJEA,Jebel Ali,U. A. E.,25.14,55.19,9.152262467263165
SAJED,Jeddah,Saudi Arabia,21.48334,39.2,8.337433657480368
RUKGD,Kaliningrad,Russia,54.7031,20.5,5.20462337501888
INIXY,Kandla,India,23.0312,70.21666,14.220388719119905
TWKHH,Kaohsiung,Taiwan,22.633334,120.28333,16.769957405490096
PKKHI,Karachi,Pakistan,24.866667,67.05,9.992351707419598
TWKEL,Keelung,Taiwan,25.125,121.7187,16.63170567118189
WP082,Kiel Kanal,Germany,54.2071,10.0875,3.8830332111534194
JPUKB,Kobe,Japan,34.68,135.17,16.254847886678405
INCCU,Kolkata,India,22.5312,88.3593,14.376607025997624
SIKOP,Koper,Slovenia,45.54548,13.739,3.9549079044953364
FIKTK,Kotka,Finland,60.47,26.92,5.699738808800057
NOKRS,Kristiansand,Norway,58.1562,8.0,5.114891747674378
KRKAN,Kwangyang,Korea. South,34.97,127.58,16.56192027874591
VELAG,La Guaira,Venezuela,10.6,-66.93333,13.645379439638962
FRLPE,La Pallice,France,46.16774,-1.19276,2.901605753637439
THLCH,Laem Chabang,Thailand,13.382173,100.991433,14.456752248147819
NOLAR,Larvik,Norway,59.0625,10.0,3.446580037366684
ESLPA,Las Palmas,Spain,28.1,-15.42,5.9152551405146
SYLTK,Latakia,Syria,35.52,35.79,8.94776968051507
FJLTK,Lautoka,Fiji Islands,-17.61,177.455,25.52047798221099
MXLZC,Lazaro Cardenas,Mexico,22.1875,-105.2343,16.921709504518255
FRLEH,Le Havre,France,49.5,0.125,2.31381984274772
ITLIV,Leghorn,Italy,43.55,10.316,3.5280363152075926
PTLEI,Leixoes,Portugal,41.192526,-8.709055,3.6113346870819663
CNLYG,Lianyungang,China,34.7187,119.4375,15.55856550956224
GALBV,Libreville,Gabon,0.394,9.5465,11.591808779630693
CYLMS,Limassol,Cyprus,34.66667,33.03333,6.5970642685460525
CLLQN,Lirquen,Chile,-36.7031,-72.9531,21.568584475067787
PTLIS,Lisbon,Portugal,38.7167,-9.13,4.44916909841309
AOLOB,Lobito,Angola,-12.3437,13.5468,13.322033526676076
TGLFW,Lome,Togo,6.125,1.2031,10.484370350989494
USLGB,Long Beach,United States,33.766448,-118.194944,13.174923440292044
USLAX,Los Angeles,United States,34.0522,-118.2428,13.381070081134768
AOLAD,Luanda,Angola,-9.11,13.242,11.078702917202287
NZLYT,Lyttelton,New Zealand,-43.6,172.71667,28.531919531432983
ESAGP,Malaga,Spain,36.71815,-4.42747,4.38516770355654
BRMAO,Manaus,Brazil,-3.06,-60.0,17.482857485888605
PHMNL,Manila,Philippines,14.58334,121.0,15.486125494012315
PAMIT,Manzanillo,Panama,9.35,-79.9,14.981137484313862
MTMAR,Marsaxlokk,Malta,35.85,14.55,4.775861807139855
CDMAT,Matadi,Congo. Dem. Rep. of,-5.814,13.469,14.001473154432063
AUMEL,Melbourne,Australia,-37.833333,145.0,25.231135893273564
ESMLN,Melilla,Spain,35.294129,-2.944813,6.442717321389365
TRMER,Mersin,Turkey,36.8,34.63,8.655526489083083
USMIA,Miami,United States,25.79371,-80.20735,11.147250757897995
CVMIN,Mindelo,Cape Verde Island,16.89,-24.99,9.842207228216456
LYMRA,Misuratah,Libya,32.375,15.0937,7.046364473743878
USMOB,Mobile,United States,30.6942,-88.0431,13.138182205255644
KEMBA,Mombasa,Kenya,-4.0468,39.6562,13.281506189675888
LRMLW,Monrovia,Liberia,6.3125,-10.7968,10.584434832069823
UYMVD,Montevideo,Uruguay,-34.883333,-56.183333,17.790578373144935
FRMTX,Montoir de Bretagne,France,47.32495,-2.16266,3.3279409641345823
CAMTR,Montreal,Canada,45.5,-73.5781,8.739512376391271
OMMCT,Muscat. Oman,Oman,23.6093,58.5781,9.654763131875365
NOMAY,Maaloey,Norway,61.938442,5.078354,5.001420379437718
JPNGO,Nagoya,Japan,35.17,136.92,16.600593129831445
AOMSZ,Namibe,Angola,-15.153104,12.152578,13.553712753267687
CNNSA,Nansha New Port,China,22.76,113.572,14.71380105881796
NZNPE,Napier,New Zealand,-39.483333,176.91666,29.50151463895605
NZNSN,Nelson,New Zealand,-41.2812,173.2812,29.74949561253034
USMSY,New Orleans,United States,29.9544,-90.075,13.52140953485746
NZNPL,New Plymouth,New Zealand,-39.0625,174.0781,29.42418408500799
USEWR,Newark,United States,40.73812,-74.18329,9.056591949323177
CNNGB,Ningbo,China,29.875,121.5468,15.400185185052607
USORF,Norfolk,United States,36.85373,-76.28163,11.55375260969246
USNTS,North Charleston,United States,32.87161,-79.99029,12.329644138532473
MRNDB,Nouadhibou,Mauritania,20.8906,-17.0625,9.216191682286144
MRNKC,Nouakchott,Mauritania,18.0937,-15.9375,9.302425606794793
NCNOU,Noumea,New Caledonia,-22.286509,166.440087,25.06410907220328
USOAK,Oakland,United States,37.81105,-122.26795,13.42589527385113
UAODS,Odessa,Ukraine,46.4531,30.7187,6.457668997854706
NGONN,Onne Seaport,Nigeria,4.7031,7.1406,10.97276579901988
DZORN,Oran,Algeria,35.6875,-0.625,6.4095414198399485
JPOSA,Osaka,Japan,34.67,135.5,16.448875157845713
PEPAI,Paita,Peru,-5.0937,-81.1093,20.421630656036243
PFPPT,Papeete,French Polynesia,-17.535,-149.57,23.609419030203224
BRPNG,Paranagua,Brazil,-25.54,-48.51,16.94867347458796
BRPEC,Pecem,Brazil,-3.53,-38.869,13.86495523062495
MYPEN,Penang,Malaysia,5.4062,100.28,17.376018731074875
USPHL,Philadelphia,United States,39.9522,-75.1642,9.427850582236081
INPAV,Pipavav,India,20.974917,71.583081,14.280828139924338
GRPIR,Piraeus,Greece,37.95134,23.64113,5.656075244328028
TTPTS,Point Lisas,Trinidad & Tobago,10.405,-61.482,10.886739204594766
GPPTP,Pointe a Pitre,Guadeloupe,16.23333,-61.51667,12.445178599907448
CGPNR,Pointe Noire,Congo,1.5468,15.7968,16.18310555739052
NZPOE,Port Chalmers,New Zealand,-45.81667,170.61667,30.24138408280546
ZAPLZ,Port Elizabeth,South Africa,-33.9531,25.5781,16.724804650195917
GAPOG,Port Gentil,Gabon,-0.719,8.774,13.195522268450222
MYPKG,Port Klang,Malaysia,3.042,101.446,15.440638720184328
MUPLU,Port Louis,Mauritius,-20.1562,57.5,16.705481283295377
PKBQM,Port Qasim,Pakistan,24.767667,67.33334,10.391842819691718
EGPSD,Port Said,Egypt,31.21583,32.35722,8.033356122587266
MAPTM,Tangier,Morocco,35.885,-5.4847,4.558821136573508
GEPTI,Poti,Georgia,42.14743,41.67701,8.689507808006269
CVRAI,Praia,Cape Verde Island,14.916666,-23.524,9.086663216609479
MXPGO,Progreso,Mexico,21.29,-89.667,14.472555513064673
VEPBL,Puerto Cabello,Venezuela,10.46667,-68.01667,14.914444886622164
CRCAL,Puerto Caldera,Costa Rica,9.9375,-84.7031,16.060084741713233
HNPCR,Puerto Cortes,Honduras,15.83333,-87.91667,15.015522566395783
ARPUD,Puerto Deseado,Argentina,-47.75,-65.8906,24.89616497424325
CRLIO,Puerto Limon,Costa Rica,9.98,-83.04,16.200557009924065
ARPMY,Puerto Madryn,Argentina,-42.7656,-65.0468,19.82769968984439
CRMOB,Puerto Limon-Moin,Costa Rica,9.99,-83.089,16.200557009924065
GTPRQ,Puerto Quetzal,Guatemala,15.0,-91.8125,16.73428927879709
CNTAO,Qingdao,China,36.08333,120.35,14.841106690095021
FIRAU,Rauma,Finland,61.133333,21.5,5.540407542879342
BRRIG,Rio Grande,Brazil,-32.03333,-52.083333,19.551169652127022
NLRTM,Rotterdam,Netherlands,51.91667,4.5,2.5104284233399414
FRURO,Rouen,France,49.4218,1.0781,2.592232309844129
OMSLL,Salalah,Oman,17.014,54.091,11.93586405450716
ITSAL,Salerno,Italy,40.41,15.0,4.89195556090098
CLSAI,San Antonio,Chile,-33.58,-71.63,19.479915518260302
PRSJU,San Juan,Puerto Rico,18.454,-66.07,12.878100320216449
CISPY,San Pedro,Ivory Coast,4.733333,-6.616666,14.267684030692577
GTSTC,Santo Tomas de Castilla,Guatemala,15.693433,-88.617721,15.230960278269714
BRSSZ,Santos,Brazil,-23.95,-46.33,14.24024254048286
BRSFS,Sao Francisco do Sul,Brazil,-26.25,-48.62,16.458198889472207
USSAV,Savannah,United States,32.0833,-81.1,12.59988090179483
USSEA,Seattle,United States,47.597244,-122.351973,11.856736127874113
IDSRG,Semarang,Indonesia,-6.974997,110.423953,19.224386785090463
TNSFA,Sfax,Tunisia,34.72024,10.745077,5.98549150057171
CNSHA,Shanghai,China,31.2187,121.4531,13.805061862043342
AESHJ,Sharjah,U. A. E.,25.375,55.408,9.40473499816657
CNSHK,Shekou,China,22.5,113.875,14.180310852220773
JPSMZ,Shimizu,Japan,35.02,138.48,15.664403806472285
KWSAA,Shuaiba,Kuwait,29.0468,48.125,8.451153033864124
KWSWK,Ash Shuwaykh,Kuwait,29.3437,47.9062,8.1637943848608
KHKOS,Sihanoukville,Cambodia,10.63333,103.53,18.17545703496738
SGSIN,Singapore,Singapore,1.2812,103.8437,15.887261326096052
GRSKA,Skaramanga,Greece,38.01361,23.60026,5.656075244328028
DZSKI,Skikda,Algeria,36.8593,6.8906,6.864653239964728
OMSOH,Sohar,Oman,24.3593,56.74,10.930691486765095
THSGZ,Songkhla,Thailand,7.215083,100.558519,17.26180259100801
GBSOU,Southampton,United Kingdom,50.89926,-1.40029,1.2117031022919051
AOSZA,Soyo,Angola,-6.125,12.3593,13.118534452050595
RULED,St Petersburg,Russia,59.9,30.27,4.6670515810832445
NOSVG,Stavanger,Norway,58.96667,5.66,3.457619416349614
EGSUZ,Suez Canal,Egypt,31.15,32.37,8.033356122587266
IDSUB,Surabaya,Indonesia,-7.25,112.75,19.474114480657185
FJSUV,Suva,Fiji Islands,-18.124,178.464,26.56198521711189
AUSYD,Sydney,Australia,-33.888888,151.2,25.471412966186136
GHTKD,Takoradi,Ghana,4.88333,-1.75,10.760334126164391
MYTPP,Tanjung Pelepas,Malaysia,1.405,103.593,16.34731741491463
ESTAR,Tarragona,Spain,41.11713,1.24976,3.61110206576555
NZTRG,Tauranga,New Zealand,-37.68333,176.16667,28.82719108364142
GHTEM,Tema,Ghana,5.633,0.008,8.616784602661664
ESSCT,Santa Cruz De Tenerife,Spain,28.46,-16.25,5.993820797397065
GBTHP,Thames Haven,United Kingdom,51.45573,0.70808,0.5303940130228845
GRSKG,Thessaloniki,Greece,40.64098,22.93274,5.093180128710751
GBTIL,Tilbury,United Kingdom,51.46339,0.36583,0.22150085834963829
NZTIU,Timaru,New Zealand,-44.3906,171.25,29.792740406994398
NGTIN,Tin Can Island Port,Nigeria,6.4339,3.3564,8.535677668063373
MGTMM,Toamasina,Madagascar,-18.1562,49.375,17.681790486989602
JPTYO,Tokyo,Japan,35.6875,139.7656,14.373852615166731
WP083,Torres Strait,Australia,-9.562,142.345,26.098328082582757
ITTRS,Trieste,Italy,45.65,13.7834,3.9549079044953364
TNTUN,Tunis,Tunisia,36.7968,10.1718,4.288258368069696
ARUSH,Ushuaia,Argentina,-54.48,-68.19,21.430342013425847
ESVLC,Valencia,Spain,39.47,-0.37,3.765325193209405
CAVAN,Vancouver,Canada,49.25,-123.125,11.556745735458266
BGVAR,Varna,Bulgaria,43.216666,27.916666,5.154782464226002
SCPOV,Victoria,Seychelles,-4.6093,55.4375,17.363266728144463
ESVGO,Vigo,Spain,42.23413,-8.71136,4.636187424511192
BRVLC,Vila do Conde,Brazil,-1.53838,-48.72982,16.961725888680082
BRVIX,Vitoria,Brazil,-20.19,-40.22,16.45962680128715
NAWVB,Walvis Bay,Namibia,-22.944,14.506,17.07821902587226
NZWLG,Wellington,New Zealand,-41.2968,174.7812,29.620357629379445
ANWIL,Willemstad,Netherl. Antilles,12.1,-68.91667,13.941757623189297
USILM,WilmingtonNC,United States,34.2256,-77.945,12.008023095558434
CNXMN,Xiamen,China,24.45,118.08,16.494244815333463
CNTXG,Xingang,China,38.562,117.56,14.598097616134762
CNYTN,Shenzhen,China,22.58333,114.26667,14.716009762936487
JPYOK,Yokohama,Japan,35.45,139.55,14.314411193445613
ARZAE,Zarate,Argentina,-34.09,-59.035,17.09275021542099
BEZEE,Zeebrugge,Belgium,51.3281,3.1875,2.979607013168314
NOAES,Alesund,Norway,62.49,6.5,4.059837777211246
DKAAR,Aarhus,Denmark,56.15,10.216666,3.2276537262525937
PAPCN,Panama Canal,Panama,8.9531,-79.5312,14.981137484313862
REREU,Port Reunion,Reunion,-20.883333,55.533333,16.503983887172975
MXACA,Acapulco,Mexico,16.51,-99.52,15.598551173645738
ESLEI,Almeria,Spain,36.5,-2.27,4.066577933159714
CLANF,Antofagasta,Chile,-23.38,-70.23,21.198132446690323
ITATX,Arbatax,Italy,39.56,9.42,4.602011839537235
CANWP,Argentia,Canada,47.18,-54.0,7.987284194226761
ERASA,Assab,,42.44,13.0,4.625473047073025
CKAVA,Avarua,,-21.11,-159.46,27.80512625479941
PTAVE,Aveiro,Portugal,40.38,-8.39,4.766911411487974
BRBEL,Belem,Brazil,-1.27,-48.3,16.63714093899892
CUCAI,Caibarien,Cuba,22.31,-79.28,14.298646720795231
HTCAP,Cap-Haitien,,19.45,-72.12,14.836510182714747
JPCHW,Chimu Wan,Japan,26.23,127.55,18.7274982738312
CRCLN,Colon,Costa Rica,9.55,-84.15,15.837905338491844
CADAR,Dartmouth,Canada,44.4,-63.34,7.7646143150507045
CAFAH,Falmouth,Canada,45.0,-64.1,8.216274397706359
ESGIJ,Gijon,Spain,43.32,-5.4,4.024081748423246
AUHAL,Halifax,Australia,-18.35,146.17,25.03287854587992
AUHBA,Hobart,Australia,-42.52,147.18,28.1381320708863
GRNAI,Iraklion,Greece,35.2,22.43,5.605410127657415
ESZGM,Lagos,Spain,36.48,-3.26,4.502095680415223
ARMDQ,Mar Del Plata,Argentina,-38.0,-57.33,20.063750361253952
FRETN,Menton,France,43.47,7.3,3.309753634493473
ITNAP,Napoli,Italy,40.5,14.15,4.43530420452923
BSNAS,Nassau,Bahamas,25.05,-77.21,10.766473794615049
GBPLY,Plymouth,United Kingdom,50.24,-4.07,3.2565126125908437
PTPDL,Ponta Delgada,Portugal,37.44,-25.4,7.6324475109444805
USNTD,Port Hueneme,United States,34.08,-119.11,13.784696347806811
CVGRA,Porto Grande,Cape Verde Island,16.52,-25.0,9.842207228216456
CLPUQ,Punta Arenas,Chile,-53.08,-70.56,23.444396378447642
AURDS,Rhodes,Australia,-33.5,151.05,26.02349429438153
ARSFO,San Francisco,Argentina,-31.25,-62.04,20.746795549281533
CLSDO,Santo Domingo,Chile,-33.38,-71.39,19.760703266160522
BESGS,St Georges,Belgium,50.36,5.21,3.178439078761834
USSJ4,St Johns,United States,43.0,-84.33,11.105052098919307
FRSNG,St Nazaire,France,44.12,4.36,3.5862122336385465
MXTAM,Tampico,Mexico,22.15,-97.52,14.809592737033046
FOTOR,Torshavn,,62.1,-64.6,17.088706739217105
BRTRM,Tramandai,Brazil,-29.58,-50.08,18.337850201903724
INTUT,Tuticorin,India,8.47,78.08,15.898671577758225
DEWVN,Wilhelmshaven,Germany,53.31,8.08,3.1523389992386712
